{"cameraMode":{"drawMode":0,"name":"Shaded","section":"Shading Mode"},"sceneLighting":false,"audioPlay":false,"sceneViewState":{"m_AlwaysRefresh":false,"showFog":true,"showSkybox":false,"showFlares":true,"showImageEffects":true,"showParticleSystems":true,"showVisualEffectGraphs":true,"m_FxEnabled":true},"in2DMode":false,"pivot":{"x":1169.8111572265625,"y":342.48577880859377,"z":-13.5689697265625},"rotation":{"x":-0.004160135518759489,"y":-0.12058450281620026,"z":-0.0005055697984062135,"w":0.9927058815956116},"size":354.18133544921877,"orthographic":false}