{"cameraMode":{"drawMode":0,"name":"Shaded","section":"Shading Mode"},"sceneLighting":true,"audioPlay":false,"sceneViewState":{"showFog":true,"showMaterialUpdate":false,"showSkybox":true,"showFlares":true,"showImageEffects":true,"showParticleSystems":true},"in2DMode":false,"pivot":{"x":37.850162506103519,"y":291.2981872558594,"z":-19.355575561523439},"rotation":{"x":0.6701326370239258,"y":-0.004447472747415304,"z":0.004028406459838152,"w":0.7422256469726563},"size":53.107601165771487,"orthographic":false}