{"cameraMode":{"drawMode":0,"name":"Shaded","section":"Shading Mode"},"sceneLighting":false,"audioPlay":false,"sceneViewState":{"showFog":true,"showMaterialUpdate":false,"showSkybox":false,"showFlares":true,"showImageEffects":true,"showParticleSystems":true},"in2DMode":false,"pivot":{"x":42.512001037597659,"y":6.517500877380371,"z":-0.5060000419616699},"rotation":{"x":-0.25964540243148806,"y":0.4212949872016907,"z":-0.1273924559354782,"w":-0.8596155047416687},"size":11.294198989868164,"orthographic":false}