{"cameraMode":{"drawMode":0,"name":"Shaded","section":"Shading Mode"},"sceneLighting":true,"audioPlay":false,"sceneViewState":{"showFog":true,"showMaterialUpdate":false,"showSkybox":true,"showFlares":true,"showImageEffects":true,"showParticleSystems":true},"in2DMode":false,"pivot":{"x":38.12451934814453,"y":19.646263122558595,"z":-61.471893310546878},"rotation":{"x":-0.26295945048332217,"y":0.046005163341760638,"z":-0.012653135694563389,"w":-0.9636614918708801},"size":5.10050630569458,"orthographic":false}