{"cameraMode":{"drawMode":0,"name":"Shaded","section":"Shading Mode"},"sceneLighting":true,"audioPlay":false,"sceneViewState":{"showFog":true,"showMaterialUpdate":false,"showSkybox":true,"showFlares":true,"showImageEffects":true,"showParticleSystems":true},"in2DMode":false,"pivot":{"x":-6.540191650390625,"y":39.000816345214847,"z":-34.059539794921878},"rotation":{"x":-0.4113154411315918,"y":0.006560258101671934,"z":-0.0030392566695809366,"w":-0.9114990234375},"size":113.859375,"orthographic":false}