{"cameraMode":{"drawMode":0,"name":"Shaded","section":"Shading Mode"},"sceneLighting":true,"audioPlay":false,"sceneViewState":{"showFog":true,"showMaterialUpdate":false,"showSkybox":true,"showFlares":true,"showImageEffects":true,"showParticleSystems":true},"in2DMode":false,"pivot":{"x":21.218812942504884,"y":20.874364852905275,"z":4.296505928039551},"rotation":{"x":0.4640249013900757,"y":-0.3151816427707672,"z":0.18104670941829682,"w":0.8078155517578125},"size":16.51535987854004,"orthographic":false}