{"cameraMode":{"drawMode":0,"name":"Shaded","section":"Shading Mode"},"sceneLighting":true,"audioPlay":false,"sceneViewState":{"showFog":true,"showMaterialUpdate":false,"showSkybox":true,"showFlares":true,"showImageEffects":true,"showParticleSystems":true},"in2DMode":false,"pivot":{"x":116.66966247558594,"y":71.04532623291016,"z":110.73751068115235},"rotation":{"x":-0.03856184333562851,"y":0.9185311794281006,"z":-0.09262442588806153,"w":-0.38240736722946169},"size":-5.5059638023376469,"orthographic":false}