{"cameraMode":{"drawMode":0,"name":"Shaded","section":"Shading Mode"},"sceneLighting":false,"audioPlay":false,"sceneViewState":{"m_AlwaysRefresh":false,"showFog":true,"showSkybox":false,"showFlares":true,"showImageEffects":true,"showParticleSystems":true,"showVisualEffectGraphs":true,"m_FxEnabled":true},"in2DMode":false,"pivot":{"x":-0.6107632517814636,"y":5.651448726654053,"z":-1.0253535509109498},"rotation":{"x":0.6357605457305908,"y":0.06368198245763779,"z":-0.052788831293582919,"w":0.7674735188484192},"size":3.4332642555236818,"orthographic":false}